[{"model": "contenttypes.contenttype", "pk": 1, "fields": {"app_label": "admin", "model": "logentry"}}, {"model": "contenttypes.contenttype", "pk": 2, "fields": {"app_label": "auth", "model": "permission"}}, {"model": "contenttypes.contenttype", "pk": 3, "fields": {"app_label": "auth", "model": "group"}}, {"model": "contenttypes.contenttype", "pk": 4, "fields": {"app_label": "auth", "model": "user"}}, {"model": "contenttypes.contenttype", "pk": 5, "fields": {"app_label": "contenttypes", "model": "contenttype"}}, {"model": "contenttypes.contenttype", "pk": 6, "fields": {"app_label": "sessions", "model": "session"}}, {"model": "contenttypes.contenttype", "pk": 7, "fields": {"app_label": "events", "model": "eventbasic"}}, {"model": "contenttypes.contenttype", "pk": 8, "fields": {"app_label": "pilots", "model": "pilot"}}, {"model": "contenttypes.contenttype", "pk": 9, "fields": {"app_label": "events", "model": "race"}}, {"model": "contenttypes.contenttype", "pk": 10, "fields": {"app_label": "events", "model": "racelaps"}}, {"model": "contenttypes.contenttype", "pk": 11, "fields": {"app_label": "events", "model": "raceresults"}}, {"model": "contenttypes.contenttype", "pk": 12, "fields": {"app_label": "events", "model": "boat"}}, {"model": "contenttypes.contenttype", "pk": 13, "fields": {"app_label": "events", "model": "competitors"}}, {"model": "contenttypes.contenttype", "pk": 14, "fields": {"app_label": "events", "model": "sponsors"}}, {"model": "pilots.pilot", "pk": 1, "fields": {"first_name": "Charlotte", "last_name": "Camsey", "dob": "1995-07-03", "weight": 60, "height": 160, "bio": "Charlotte started her international racing career in the Asia Powerboat Championships, and has competed in all of our events. This year Charlotte moved into offshore racing with team mate Glynn Norval. Together they achieved third in their debut Cowes-Poole-Cowes race and Charlotte was the first lady across the line in her first Cowes week race. Charlotte plans to build on her successes so far in the next racing seasons. She is a rising talent in powerboat racing, and definitely one to watch.", "facebook": "facebook.com/charcamsey", "instagram": "instagram.com/charcamsey", "youtube": null, "website": "www.charlottecamsey.com", "profile_image": "pilots/profile/Camsey.png", "nationality": "GB", "display": true, "championship_position": 1}}, {"model": "pilots.pilot", "pk": 2, "fields": {"first_name": "Andy", "last_name": "Wilby", "dob": null, "weight": null, "height": null, "bio": "Starting his racing career in the Rib F3 Championship, Andy became the RYA National Championship winner in 2000 and 2001. It was in 2006 he started racing in Powerboat P1 World Championship and came third overall in his first race. Whilst racing a 19ft Phantom, he was runner up in the E1500 Championship in 2010. As a part of Team Typhoo in the P1 Superstock Championship, he raced a P1 Panther and achieved 2nd overall in 2012.", "facebook": null, "instagram": null, "youtube": null, "website": null, "profile_image": "pilots/profile/Wilby.png", "nationality": "GB", "display": true, "championship_position": 6}}, {"model": "pilots.pilot", "pk": 3, "fields": {"first_name": "Barry", "last_name": "Culver", "dob": null, "weight": null, "height": null, "bio": "Barry Culver has been racing since 2002 as both a driver and a navigator after originally getting his adrenaline fix from water skiing. He has travelled the world to race in different classes, including XCAT in Dubai and Offshore Class 3C in Italy. The highlight of his career was in 2016 when he won the 3A UIM World Championship in Norway.", "facebook": null, "instagram": null, "youtube": null, "website": null, "profile_image": "pilots/profile/Culver.png", "nationality": "GB", "display": true, "championship_position": 14}}, {"model": "pilots.pilot", "pk": 4, "fields": {"first_name": "Brian", "last_name": "Pelham", "dob": null, "weight": null, "height": null, "bio": "Brian Pelham returned to powerboat racing a few years ago after living and working in Spain. It all paid off for the hard charging racer in 2018 when he won the UKOPRA Class 3N championship with his son Thomas. Brian is new to single seater racing, however, if he can harness his offshore determination on the circuit, the truckie from Surrey will be one to watch.", "facebook": null, "instagram": null, "youtube": null, "website": null, "profile_image": "pilots/profile/Pelham.png", "nationality": "GB", "display": true, "championship_position": 18}}, {"model": "pilots.pilot", "pk": 5, "fields": {"first_name": "C. K.", "last_name": "Sui", "dob": null, "weight": null, "height": null, "bio": "Brian Pelham returned to powerboat racing a few years ago after living and working in Spain. It all paid off for the hard charging racer in 2018 when he won the UKOPRA Class 3N championship with his son Thomas. Brian is new to single seater racing, however, if he can harness his offshore determination on the circuit, the truckie from Surrey will be one to watch.", "facebook": null, "instagram": null, "youtube": null, "website": null, "profile_image": "pilots/profile/Siu.png", "nationality": "GB", "display": true, "championship_position": 4}}, {"model": "pilots.pilot", "pk": 6, "fields": {"first_name": "Dave", "last_name": "Sheldon", "dob": null, "weight": null, "height": null, "bio": "Brian Pelham returned to powerboat racing a few years ago after living and working in Spain. It all paid off for the hard charging racer in 2018 when he won the UKOPRA Class 3N championship with his son Thomas. Brian is new to single seater racing, however, if he can harness his offshore determination on the circuit, the truckie from Surrey will be one to watch.", "facebook": null, "instagram": null, "youtube": null, "website": null, "profile_image": "pilots/profile/Sheldon.png", "nationality": "GB", "display": true, "championship_position": 5}}, {"model": "pilots.pilot", "pk": 7, "fields": {"first_name": "Drew", "last_name": "Langdon", "dob": null, "weight": null, "height": null, "bio": "Brian Pelham returned to powerboat racing a few years ago after living and working in Spain. It all paid off for the hard charging racer in 2018 when he won the UKOPRA Class 3N championship with his son Thomas. Brian is new to single seater racing, however, if he can harness his offshore determination on the circuit, the truckie from Surrey will be one to watch.", "facebook": null, "instagram": null, "youtube": null, "website": null, "profile_image": "pilots/profile/Langdon.png", "nationality": "GB", "display": true, "championship_position": 8}}, {"model": "pilots.pilot", "pk": 8, "fields": {"first_name": "Erko", "last_name": "Aabrams", "dob": null, "weight": null, "height": null, "bio": "Brian Pelham returned to powerboat racing a few years ago after living and working in Spain. It all paid off for the hard charging racer in 2018 when he won the UKOPRA Class 3N championship with his son Thomas. Brian is new to single seater racing, however, if he can harness his offshore determination on the circuit, the truckie from Surrey will be one to watch.", "facebook": null, "instagram": null, "youtube": null, "website": null, "profile_image": "pilots/profile/Aabrams.png", "nationality": "EE", "display": true, "championship_position": 7}}, {"model": "pilots.pilot", "pk": 9, "fields": {"first_name": "Glynn", "last_name": "Norvall", "dob": null, "weight": null, "height": null, "bio": "Brian Pelham returned to powerboat racing a few years ago after living and working in Spain. It all paid off for the hard charging racer in 2018 when he won the UKOPRA Class 3N championship with his son Thomas. Brian is new to single seater racing, however, if he can harness his offshore determination on the circuit, the truckie from Surrey will be one to watch.", "facebook": null, "instagram": null, "youtube": null, "website": null, "profile_image": "pilots/profile/Norvall.png", "nationality": "GB", "display": true, "championship_position": 11}}, {"model": "pilots.pilot", "pk": 10, "fields": {"first_name": "Kiki", "last_name": "Wong", "dob": null, "weight": null, "height": null, "bio": "Brian Pelham returned to powerboat racing a few years ago after living and working in Spain. It all paid off for the hard charging racer in 2018 when he won the UKOPRA Class 3N championship with his son Thomas. Brian is new to single seater racing, however, if he can harness his offshore determination on the circuit, the truckie from Surrey will be one to watch.", "facebook": null, "instagram": null, "youtube": null, "website": null, "profile_image": "pilots/profile/Wong.png", "nationality": "CN", "display": true, "championship_position": 21}}, {"model": "pilots.pilot", "pk": 11, "fields": {"first_name": "Mark", "last_name": "Hayward", "dob": null, "weight": null, "height": null, "bio": "Brian Pelham returned to powerboat racing a few years ago after living and working in Spain. It all paid off for the hard charging racer in 2018 when he won the UKOPRA Class 3N championship with his son Thomas. Brian is new to single seater racing, however, if he can harness his offshore determination on the circuit, the truckie from Surrey will be one to watch.", "facebook": null, "instagram": null, "youtube": null, "website": null, "profile_image": "pilots/profile/Hayward.png", "nationality": "GB", "display": true, "championship_position": 16}}, {"model": "pilots.pilot", "pk": 12, "fields": {"first_name": "Maurizio", "last_name": "Carando", "dob": null, "weight": null, "height": null, "bio": "Brian Pelham returned to powerboat racing a few years ago after living and working in Spain. It all paid off for the hard charging racer in 2018 when he won the UKOPRA Class 3N championship with his son Thomas. Brian is new to single seater racing, however, if he can harness his offshore determination on the circuit, the truckie from Surrey will be one to watch.", "facebook": null, "instagram": null, "youtube": null, "website": null, "profile_image": "pilots/profile/Carando.png", "nationality": "IT", "display": true, "championship_position": 20}}, {"model": "pilots.pilot", "pk": 13, "fields": {"first_name": "Mette", "last_name": "Brandt Bjerknaes", "dob": null, "weight": null, "height": null, "bio": "Brian Pelham returned to powerboat racing a few years ago after living and working in Spain. It all paid off for the hard charging racer in 2018 when he won the UKOPRA Class 3N championship with his son Thomas. Brian is new to single seater racing, however, if he can harness his offshore determination on the circuit, the truckie from Surrey will be one to watch.", "facebook": null, "instagram": null, "youtube": null, "website": null, "profile_image": "pilots/profile/Mette.png", "nationality": "NO", "display": true, "championship_position": null}}, {"model": "pilots.pilot", "pk": 14, "fields": {"first_name": "Miles", "last_name": "Jennings", "dob": null, "weight": null, "height": null, "bio": "Brian Pelham returned to powerboat racing a few years ago after living and working in Spain. It all paid off for the hard charging racer in 2018 when he won the UKOPRA Class 3N championship with his son Thomas. Brian is new to single seater racing, however, if he can harness his offshore determination on the circuit, the truckie from Surrey will be one to watch.", "facebook": null, "instagram": null, "youtube": null, "website": null, "profile_image": "pilots/profile/Jennings.png", "nationality": "GB", "display": true, "championship_position": 2}}, {"model": "pilots.pilot", "pk": 15, "fields": {"first_name": "Ricky", "last_name": "Hill", "dob": null, "weight": null, "height": null, "bio": "Brian Pelham returned to powerboat racing a few years ago after living and working in Spain. It all paid off for the hard charging racer in 2018 when he won the UKOPRA Class 3N championship with his son Thomas. Brian is new to single seater racing, however, if he can harness his offshore determination on the circuit, the truckie from Surrey will be one to watch.", "facebook": null, "instagram": null, "youtube": null, "website": null, "profile_image": "pilots/profile/Hill.png", "nationality": "GB", "display": true, "championship_position": 19}}, {"model": "pilots.pilot", "pk": 16, "fields": {"first_name": "Campbell", "last_name": "Jenkins", "dob": null, "weight": null, "height": null, "bio": "Brian Pelham returned to powerboat racing a few years ago after living and working in Spain. It all paid off for the hard charging racer in 2018 when he won the UKOPRA Class 3N championship with his son Thomas. Brian is new to single seater racing, however, if he can harness his offshore determination on the circuit, the truckie from Surrey will be one to watch.", "facebook": null, "instagram": null, "youtube": null, "website": null, "profile_image": "pilots/profile/Jenkins_bMo9ok8.png", "nationality": "AU", "display": true, "championship_position": 3}}, {"model": "pilots.pilot", "pk": 17, "fields": {"first_name": "Francis", "last_name": "Notschaele", "dob": null, "weight": null, "height": null, "bio": "Charlotte started her international racing career in the Asia Powerboat Championships, and has competed in all of our events. This year Charlotte moved into offshore racing with team mate Glynn Norval. Together they achieved third in their debut Cowes-Poole-Cowes race and Charlotte was the first lady across the line in her first Cowes week race. Charlotte plans to build on her successes so far in the next racing seasons. She is a rising talent in powerboat racing, and definitely one to watch.", "facebook": null, "instagram": null, "youtube": null, "website": null, "profile_image": "", "nationality": "BE", "display": false, "championship_position": 9}}, {"model": "pilots.pilot", "pk": 18, "fields": {"first_name": "Bingchen", "last_name": "Wu", "dob": null, "weight": null, "height": null, "bio": "Charlotte started her international racing career in the Asia Powerboat Championships, and has competed in all of our events. This year Charlotte moved into offshore racing with team mate Glynn Norval. Together they achieved third in their debut Cowes-Poole-Cowes race and Charlotte was the first lady across the line in her first Cowes week race. Charlotte plans to build on her successes so far in the next racing seasons. She is a rising talent in powerboat racing, and definitely one to watch.", "facebook": null, "instagram": null, "youtube": null, "website": null, "profile_image": "", "nationality": "CN", "display": false, "championship_position": 10}}, {"model": "pilots.pilot", "pk": 19, "fields": {"first_name": "Leifur", "last_name": "Dam Leifsson", "dob": null, "weight": null, "height": null, "bio": "Charlotte started her international racing career in the Asia Powerboat Championships, and has competed in all of our events. This year Charlotte moved into offshore racing with team mate Glynn Norval. Together they achieved third in their debut Cowes-Poole-Cowes race and Charlotte was the first lady across the line in her first Cowes week race. Charlotte plans to build on her successes so far in the next racing seasons. She is a rising talent in powerboat racing, and definitely one to watch.", "facebook": null, "instagram": null, "youtube": null, "website": null, "profile_image": "", "nationality": "IS", "display": false, "championship_position": 12}}, {"model": "pilots.pilot", "pk": 20, "fields": {"first_name": "Alain", "last_name": "Copens", "dob": null, "weight": null, "height": null, "bio": "Charlotte started her international racing career in the Asia Powerboat Championships, and has competed in all of our events. This year Charlotte moved into offshore racing with team mate Glynn Norval. Together they achieved third in their debut Cowes-Poole-Cowes race and Charlotte was the first lady across the line in her first Cowes week race. Charlotte plans to build on her successes so far in the next racing seasons. She is a rising talent in powerboat racing, and definitely one to watch.", "facebook": null, "instagram": null, "youtube": null, "website": null, "profile_image": "", "nationality": "BE", "display": false, "championship_position": 12}}, {"model": "pilots.pilot", "pk": 21, "fields": {"first_name": "Martin", "last_name": "Lai", "dob": null, "weight": null, "height": null, "bio": "Charlotte started her international racing career in the Asia Powerboat Championships, and has competed in all of our events. This year Charlotte moved into offshore racing with team mate Glynn Norval. Together they achieved third in their debut Cowes-Poole-Cowes race and Charlotte was the first lady across the line in her first Cowes week race. Charlotte plans to build on her successes so far in the next racing seasons. She is a rising talent in powerboat racing, and definitely one to watch.", "facebook": null, "instagram": null, "youtube": null, "website": null, "profile_image": "", "nationality": "HK", "display": false, "championship_position": 15}}, {"model": "pilots.pilot", "pk": 22, "fields": {"first_name": "Sarah", "last_name": "Donohue", "dob": null, "weight": null, "height": null, "bio": "Charlotte started her international racing career in the Asia Powerboat Championships, and has competed in all of our events. This year Charlotte moved into offshore racing with team mate Glynn Norval. Together they achieved third in their debut Cowes-Poole-Cowes race and Charlotte was the first lady across the line in her first Cowes week race. Charlotte plans to build on her successes so far in the next racing seasons. She is a rising talent in powerboat racing, and definitely one to watch.", "facebook": null, "instagram": null, "youtube": null, "website": null, "profile_image": "", "nationality": "GB", "display": false, "championship_position": 17}}, {"model": "pilots.pilot", "pk": 23, "fields": {"first_name": "Zhang", "last_name": "Qian", "dob": null, "weight": null, "height": null, "bio": "Charlotte started her international racing career in the Asia Powerboat Championships, and has competed in all of our events. This year Charlotte moved into offshore racing with team mate Glynn Norval. Together they achieved third in their debut Cowes-Poole-Cowes race and Charlotte was the first lady across the line in her first Cowes week race. Charlotte plans to build on her successes so far in the next racing seasons. She is a rising talent in powerboat racing, and definitely one to watch.", "facebook": null, "instagram": null, "youtube": null, "website": null, "profile_image": "", "nationality": "CN", "display": false, "championship_position": 23}}, {"model": "pilots.pilot", "pk": 24, "fields": {"first_name": "Alan", "last_name": "Ng", "dob": null, "weight": null, "height": null, "bio": "Brian Pelham returned to powerboat racing a few years ago after living and working in Spain. It all paid off for the hard charging racer in 2018 when he won the UKOPRA Class 3N championship with his son Thomas. Brian is new to single seater racing, however, if he can harness his offshore determination on the circuit, the truckie from Surrey will be one to watch.", "facebook": null, "instagram": null, "youtube": null, "website": null, "profile_image": "", "nationality": "MO", "display": false, "championship_position": 22}}, {"model": "events.boat", "pk": 1, "fields": {"boat_number": 28, "boat_registration": "reg", "boat_image": "boats/boat_YGzJa2L.jpg"}}, {"model": "events.boat", "pk": 2, "fields": {"boat_number": 0, "boat_registration": "N/A", "boat_image": "boats/dummy.jpg"}}, {"model": "events.boat", "pk": 3, "fields": {"boat_number": 8, "boat_registration": "NA", "boat_image": "boats/boat.jp"}}, {"model": "events.boat", "pk": 4, "fields": {"boat_number": 1, "boat_registration": "NA", "boat_image": "boats/boat_Y2Mt1En.jp"}}, {"model": "events.boat", "pk": 5, "fields": {"boat_number": 47, "boat_registration": "NA", "boat_image": "boats/boat_Wll4vnY.jp"}}, {"model": "events.boat", "pk": 6, "fields": {"boat_number": 168, "boat_registration": "NA", "boat_image": "boats/boat_lUnGPWE.jp"}}, {"model": "events.boat", "pk": 7, "fields": {"boat_number": 9, "boat_registration": "NA", "boat_image": "boats/boat_7nvmX5t.jp"}}, {"model": "events.boat", "pk": 8, "fields": {"boat_number": 88, "boat_registration": "NA", "boat_image": "boats/boat_az9TuXz.jp"}}, {"model": "events.boat", "pk": 9, "fields": {"boat_number": 888, "boat_registration": "NA", "boat_image": "boats/boat_XFJ4xzi.jp"}}, {"model": "events.boat", "pk": 10, "fields": {"boat_number": 18, "boat_registration": "NA", "boat_image": "boats/boat_VyA31kP.jp"}}, {"model": "events.boat", "pk": 11, "fields": {"boat_number": 77, "boat_registration": "NA", "boat_image": "boats/boat_6niS7J5.jp"}}, {"model": "events.boat", "pk": 12, "fields": {"boat_number": 11, "boat_registration": "NA", "boat_image": "boats/boat_ZBXv8k3.jp"}}, {"model": "events.boat", "pk": 13, "fields": {"boat_number": 3, "boat_registration": "NA", "boat_image": "boats/boat_rCJusB2.jp"}}, {"model": "events.competitors", "pk": 1, "fields": {"entrant": 7, "boat": 2, "final_points": 399, "final_position": 1}}, {"model": "events.competitors", "pk": 2, "fields": {"entrant": 17, "boat": 2, "final_points": 363, "final_position": 2}}, {"model": "events.competitors", "pk": 3, "fields": {"entrant": 18, "boat": 2, "final_points": 355, "final_position": 3}}, {"model": "events.competitors", "pk": 4, "fields": {"entrant": 19, "boat": 2, "final_points": 330, "final_position": 4}}, {"model": "events.competitors", "pk": 5, "fields": {"entrant": 20, "boat": 2, "final_points": 330, "final_position": 5}}, {"model": "events.competitors", "pk": 6, "fields": {"entrant": 21, "boat": 2, "final_points": 320, "final_position": 6}}, {"model": "events.competitors", "pk": 7, "fields": {"entrant": 22, "boat": 2, "final_points": 278, "final_position": 7}}, {"model": "events.competitors", "pk": 8, "fields": {"entrant": 16, "boat": 2, "final_points": 73, "final_position": 8}}, {"model": "events.competitors", "pk": 9, "fields": {"entrant": 1, "boat": 2, "final_points": 242, "final_position": 9}}, {"model": "events.competitors", "pk": 10, "fields": {"entrant": 5, "boat": 2, "final_points": 234, "final_position": 10}}, {"model": "events.competitors", "pk": 11, "fields": {"entrant": 23, "boat": 2, "final_points": 132, "final_position": 11}}, {"model": "events.competitors", "pk": 23, "fields": {"entrant": 16, "boat": 1, "final_points": 48, "final_position": 12}}, {"model": "events.competitors", "pk": 24, "fields": {"entrant": 2, "boat": 3, "final_points": 427, "final_position": 1}}, {"model": "events.competitors", "pk": 25, "fields": {"entrant": 14, "boat": 4, "final_points": 417, "final_position": 2}}, {"model": "events.competitors", "pk": 26, "fields": {"entrant": 8, "boat": 5, "final_points": 397, "final_position": 3}}, {"model": "events.competitors", "pk": 28, "fields": {"entrant": 3, "boat": 7, "final_points": 323, "final_position": 5}}, {"model": "events.competitors", "pk": 29, "fields": {"entrant": 1, "boat": 8, "final_points": 293, "final_position": 6}}, {"model": "events.competitors", "pk": 30, "fields": {"entrant": 6, "boat": 9, "final_points": 262, "final_position": 7}}, {"model": "events.competitors", "pk": 31, "fields": {"entrant": 5, "boat": 10, "final_points": 237, "final_position": 8}}, {"model": "events.competitors", "pk": 32, "fields": {"entrant": 15, "boat": 11, "final_points": 223, "final_position": 9}}, {"model": "events.competitors", "pk": 33, "fields": {"entrant": 12, "boat": 12, "final_points": 181, "final_position": 10}}, {"model": "events.competitors", "pk": 34, "fields": {"entrant": 24, "boat": 13, "final_points": 167, "final_position": 11}}, {"model": "events.competitors", "pk": 35, "fields": {"entrant": 16, "boat": 1, "final_points": 48, "final_position": 12}}, {"model": "events.competitors", "pk": 36, "fields": {"entrant": 9, "boat": 6, "final_points": 351, "final_position": 4}}, {"model": "events.competitors", "pk": 37, "fields": {"entrant": 14, "boat": 6, "final_points": 480, "final_position": 1}}, {"model": "events.competitors", "pk": 38, "fields": {"entrant": 16, "boat": 7, "final_points": 410, "final_position": 2}}, {"model": "events.competitors", "pk": 39, "fields": {"entrant": 1, "boat": 8, "final_points": 398, "final_position": 3}}, {"model": "events.competitors", "pk": 40, "fields": {"entrant": 6, "boat": 9, "final_points": 383, "final_position": 4}}, {"model": "events.competitors", "pk": 41, "fields": {"entrant": 11, "boat": 13, "final_points": 313, "final_position": 5}}, {"model": "events.competitors", "pk": 42, "fields": {"entrant": 5, "boat": 10, "final_points": 291, "final_position": 6}}, {"model": "events.competitors", "pk": 43, "fields": {"entrant": 4, "boat": 11, "final_points": 266, "final_position": 7}}, {"model": "events.competitors", "pk": 45, "fields": {"entrant": 10, "boat": 3, "final_points": 169, "final_position": 8}}, {"model": "events.sponsors", "pk": 1, "fields": {"name": "168 Oriental Supermarket", "logo": "sponsors/168"}}, {"model": "events.sponsors", "pk": 2, "fields": {"name": "Dynasty Fried Porridge", "logo": "sponsors/Dynasty"}}, {"model": "events.sponsors", "pk": 3, "fields": {"name": "Fine Merit Ltd", "logo": "sponsors/Dynasty_JUIUn2g"}}, {"model": "events.sponsors", "pk": 4, "fields": {"name": "HK Economic & Trade Association", "logo": "sponsors/Dynasty_ThPumne"}}, {"model": "events.sponsors", "pk": 5, "fields": {"name": "Hosay Mee Pok", "logo": "sponsors/Dynasty_bKcyIIV"}}, {"model": "events.sponsors", "pk": 6, "fields": {"name": "Karios", "logo": "sponsors/Dynasty_HqscNHE"}}, {"model": "events.sponsors", "pk": 7, "fields": {"name": "UKOPRA", "logo": "sponsors/Dynasty_fxr6f61"}}, {"model": "events.sponsors", "pk": 8, "fields": {"name": "Pro Sail Asia", "logo": "sponsors/Dynasty_PRpsJKf"}}, {"model": "events.sponsors", "pk": 9, "fields": {"name": "Constant Wind", "logo": "sponsors/Dynasty_OcyoTTx"}}, {"model": "events.sponsors", "pk": 10, "fields": {"name": "Multispark Race Products", "logo": "sponsors/Dynasty_IHDHvhi"}}, {"model": "events.sponsors", "pk": 11, "fields": {"name": "NSRCC", "logo": "sponsors/Dynasty_B8vRFlC"}}, {"model": "events.sponsors", "pk": 12, "fields": {"name": "Phoneix TV", "logo": "sponsors/Dynasty_hgPdoyw"}}, {"model": "events.sponsors", "pk": 13, "fields": {"name": "Powerboat Racing World", "logo": "sponsors/Dynasty_O38KzeQ"}}, {"model": "events.sponsors", "pk": 14, "fields": {"name": "Seadoo", "logo": "sponsors/Dynasty_tepJIA0"}}, {"model": "events.sponsors", "pk": 15, "fields": {"name": "Shakespeare Boats", "logo": "sponsors/Dynasty_rDrs2AT"}}, {"model": "events.sponsors", "pk": 16, "fields": {"name": "Sport Singapore", "logo": "sponsors/Dynasty_EvqOMTY"}}, {"model": "events.sponsors", "pk": 17, "fields": {"name": "Sport Power Boat Association", "logo": "sponsors/Dynasty_XK0dLZM"}}, {"model": "events.sponsors", "pk": 18, "fields": {"name": "Macau Fisherman's Wharf", "logo": "sponsors/logo_qRjQC97"}}, {"model": "events.sponsors", "pk": 19, "fields": {"name": "Royal China Aqua Garden", "logo": "sponsors/logo_RVfXWxH"}}, {"model": "events.sponsors", "pk": 20, "fields": {"name": "Legend Palace", "logo": "sponsors/logo_gcBj2Tl"}}, {"model": "events.sponsors", "pk": 21, "fields": {"name": "Ying Wah Property", "logo": "sponsors/logo_Fb8CGrl"}}, {"model": "events.eventbasic", "pk": 5, "fields": {"event_title": "Hong Kong Championship 2018", "event_date": "2018-11-09", "event_proposed_date": null, "event_cover": "event-covers/hk-cover-image.jpeg", "event_country": "HK", "event_description": "<p>Lorem ipsum dolor sit amet, consectetur adipiscing elit, sed do eiusmod tempor incididunt ut labore et dolore magna aliqua. Ut enim ad minim veniam, quis nostrud exercitation ullamco laboris nisi ut aliquip ex ea commodo consequat. Duis aute irure dolor in reprehenderit in voluptate velit esse cillum dolore eu fugiat nulla pariatur. Excepteur sint occaecat cupidatat non proident, sunt in culpa qui officia deserunt mollit anim id est laborum.</p><p>Lorem ipsum dolor sit amet, consectetur adipiscing elit, sed do eiusmod tempor incididunt ut labore et dolore magna aliqua. Ut enim ad minim veniam, quis nostrud exercitation ullamco laboris nisi ut aliquip ex ea commodo consequat. Duis aute irure dolor in reprehenderit in voluptate velit esse cillum dolore eu fugiat nulla pariatur. Excepteur sint occaecat cupidatat non proident, sunt in culpa qui officia deserunt mollit anim id est laborum.</p><p>Lorem ipsum dolor sit amet, consectetur adipiscing elit, sed do eiusmod tempor incididunt ut labore et dolore magna aliqua. Ut enim ad minim veniam, quis nostrud exercitation ullamco laboris nisi ut aliquip ex ea commodo consequat. Duis aute irure dolor in reprehenderit in voluptate velit esse cillum dolore eu fugiat nulla pariatur. Excepteur sint occaecat cupidatat non proident, sunt in culpa qui officia deserunt mollit anim id est laborum.</p>", "slug": "hong-kong-championship-2018", "completed": true, "competitors": [1, 2, 3, 4, 5, 6, 7, 8, 9, 10, 11], "sponsors": []}}, {"model": "events.eventbasic", "pk": 6, "fields": {"event_title": "Macau Championship 2019", "event_date": "2019-05-03", "event_proposed_date": null, "event_cover": "event-covers/mc-cover-image.jpeg", "event_country": "MO", "event_description": "<p>Lorem ipsum dolor sit amet, consectetur adipiscing elit, sed do eiusmod tempor incididunt ut labore et dolore magna aliqua. Ut enim ad minim veniam, quis nostrud exercitation ullamco laboris nisi ut aliquip ex ea commodo consequat. Duis aute irure dolor in reprehenderit in voluptate velit esse cillum dolore eu fugiat nulla pariatur. Excepteur sint occaecat cupidatat non proident, sunt in culpa qui officia deserunt mollit anim id est laborum.</p><p>Lorem ipsum dolor sit amet, consectetur adipiscing elit, sed do eiusmod tempor incididunt ut labore et dolore magna aliqua. Ut enim ad minim veniam, quis nostrud exercitation ullamco laboris nisi ut aliquip ex ea commodo consequat. Duis aute irure dolor in reprehenderit in voluptate velit esse cillum dolore eu fugiat nulla pariatur. Excepteur sint occaecat cupidatat non proident, sunt in culpa qui officia deserunt mollit anim id est laborum.</p><p>Lorem ipsum dolor sit amet, consectetur adipiscing elit, sed do eiusmod tempor incididunt ut labore et dolore magna aliqua. Ut enim ad minim veniam, quis nostrud exercitation ullamco laboris nisi ut aliquip ex ea commodo consequat. Duis aute irure dolor in reprehenderit in voluptate velit esse cillum dolore eu fugiat nulla pariatur. Excepteur sint occaecat cupidatat non proident, sunt in culpa qui officia deserunt mollit anim id est laborum.</p>", "slug": "macau-championship-2019", "completed": true, "competitors": [24, 25, 26, 28, 29, 30, 31, 32, 33, 34, 35, 36], "sponsors": [1, 10, 12, 13, 18, 19, 20, 21]}}, {"model": "events.eventbasic", "pk": 7, "fields": {"event_title": "Singapore Championship 2019", "event_date": "2019-12-06", "event_proposed_date": null, "event_cover": "event-covers/mc-cover-image_o3BIjlU.jpeg", "event_country": "SG", "event_description": "<p>Lorem ipsum dolor sit amet, consectetur adipiscing elit, sed do eiusmod tempor incididunt ut labore et dolore magna aliqua. Ut enim ad minim veniam, quis nostrud exercitation ullamco laboris nisi ut aliquip ex ea commodo consequat. Duis aute irure dolor in reprehenderit in voluptate velit esse cillum dolore eu fugiat nulla pariatur. Excepteur sint occaecat cupidatat non proident, sunt in culpa qui officia deserunt mollit anim id est laborum.</p><p>Lorem ipsum dolor sit amet, consectetur adipiscing elit, sed do eiusmod tempor incididunt ut labore et dolore magna aliqua. Ut enim ad minim veniam, quis nostrud exercitation ullamco laboris nisi ut aliquip ex ea commodo consequat. Duis aute irure dolor in reprehenderit in voluptate velit esse cillum dolore eu fugiat nulla pariatur. Excepteur sint occaecat cupidatat non proident, sunt in culpa qui officia deserunt mollit anim id est laborum.</p><p>Lorem ipsum dolor sit amet, consectetur adipiscing elit, sed do eiusmod tempor incididunt ut labore et dolore magna aliqua. Ut enim ad minim veniam, quis nostrud exercitation ullamco laboris nisi ut aliquip ex ea commodo consequat. Duis aute irure dolor in reprehenderit in voluptate velit esse cillum dolore eu fugiat nulla pariatur. Excepteur sint occaecat cupidatat non proident, sunt in culpa qui officia deserunt mollit anim id est laborum.</p>", "slug": "singapore-championship-2019", "completed": true, "competitors": [37, 38, 39, 40, 41, 42, 43, 45], "sponsors": [1, 2, 3, 4, 5, 6, 7, 8, 9, 10, 11, 12, 13, 14, 15, 16, 17]}}, {"model": "events.eventbasic", "pk": 8, "fields": {"event_title": "Mediterranean Tour  2020", "event_date": null, "event_proposed_date": "July-August 2020", "event_cover": "event-covers/med-cover-image.jpeg", "event_country": "IT", "event_description": "<p>Lorem ipsum dolor sit amet, consectetur adipiscing elit, sed do eiusmod tempor incididunt ut labore et dolore magna aliqua. Ut enim ad minim veniam, quis nostrud exercitation ullamco laboris nisi ut aliquip ex ea commodo consequat. Duis aute irure dolor in reprehenderit in voluptate velit esse cillum dolore eu fugiat nulla pariatur. Excepteur sint occaecat cupidatat non proident, sunt in culpa qui officia deserunt mollit anim id est laborum.</p><p>Lorem ipsum dolor sit amet, consectetur adipiscing elit, sed do eiusmod tempor incididunt ut labore et dolore magna aliqua. Ut enim ad minim veniam, quis nostrud exercitation ullamco laboris nisi ut aliquip ex ea commodo consequat. Duis aute irure dolor in reprehenderit in voluptate velit esse cillum dolore eu fugiat nulla pariatur. Excepteur sint occaecat cupidatat non proident, sunt in culpa qui officia deserunt mollit anim id est laborum.</p><p>Lorem ipsum dolor sit amet, consectetur adipiscing elit, sed do eiusmod tempor incididunt ut labore et dolore magna aliqua. Ut enim ad minim veniam, quis nostrud exercitation ullamco laboris nisi ut aliquip ex ea commodo consequat. Duis aute irure dolor in reprehenderit in voluptate velit esse cillum dolore eu fugiat nulla pariatur. Excepteur sint occaecat cupidatat non proident, sunt in culpa qui officia deserunt mollit anim id est laborum.</p>", "slug": "mediterranean-tour-2020", "completed": false, "competitors": [], "sponsors": []}}, {"model": "events.raceresults", "pk": 5, "fields": {"competitor": 7, "boat": null, "position": 1, "points": 100, "laps": []}}, {"model": "events.raceresults", "pk": 6, "fields": {"competitor": 5, "boat": null, "position": 8, "points": 43, "laps": []}}, {"model": "events.raceresults", "pk": 7, "fields": {"competitor": 16, "boat": null, "position": 6, "points": 53, "laps": []}}, {"model": "events.raceresults", "pk": 8, "fields": {"competitor": 1, "boat": null, "position": 10, "points": 35, "laps": []}}, {"model": "events.raceresults", "pk": 9, "fields": {"competitor": 7, "boat": null, "position": 1, "points": 100, "laps": []}}, {"model": "events.raceresults", "pk": 10, "fields": {"competitor": 5, "boat": null, "position": 6, "points": 59, "laps": []}}, {"model": "events.raceresults", "pk": 11, "fields": {"competitor": 16, "boat": null, "position": 8, "points": 48, "laps": []}}, {"model": "events.raceresults", "pk": 12, "fields": {"competitor": 1, "boat": null, "position": 10, "points": 39, "laps": []}}, {"model": "events.raceresults", "pk": 13, "fields": {"competitor": 7, "boat": null, "position": 3, "points": 73, "laps": []}}, {"model": "events.raceresults", "pk": 14, "fields": {"competitor": 5, "boat": null, "position": 4, "points": 66, "laps": []}}, {"model": "events.raceresults", "pk": 15, "fields": {"competitor": 16, "boat": null, "position": 6, "points": 53, "laps": []}}, {"model": "events.raceresults", "pk": 16, "fields": {"competitor": 1, "boat": null, "position": 7, "points": 48, "laps": []}}, {"model": "events.raceresults", "pk": 25, "fields": {"competitor": 7, "boat": null, "position": 6, "points": 53, "laps": []}}, {"model": "events.raceresults", "pk": 26, "fields": {"competitor": 5, "boat": null, "position": 11, "points": 0, "laps": []}}, {"model": "events.raceresults", "pk": 27, "fields": {"competitor": 16, "boat": null, "position": 4, "points": 66, "laps": []}}, {"model": "events.raceresults", "pk": 28, "fields": {"competitor": 1, "boat": null, "position": 2, "points": 81, "laps": []}}, {"model": "events.raceresults", "pk": 29, "fields": {"competitor": 7, "boat": null, "position": 3, "points": 73, "laps": []}}, {"model": "events.raceresults", "pk": 30, "fields": {"competitor": 5, "boat": null, "position": 4, "points": 66, "laps": []}}, {"model": "events.raceresults", "pk": 31, "fields": {"competitor": 16, "boat": null, "position": 6, "points": 53, "laps": []}}, {"model": "events.raceresults", "pk": 32, "fields": {"competitor": 1, "boat": null, "position": 9, "points": 39, "laps": []}}, {"model": "events.raceresults", "pk": 33, "fields": {"competitor": 8, "boat": null, "position": 5, "points": 66, "laps": []}}, {"model": "events.raceresults", "pk": 34, "fields": {"competitor": 9, "boat": null, "position": 7, "points": 53, "laps": []}}, {"model": "events.raceresults", "pk": 35, "fields": {"competitor": 1, "boat": null, "position": 9, "points": 43, "laps": []}}, {"model": "events.raceresults", "pk": 36, "fields": {"competitor": 14, "boat": null, "position": 2, "points": 90, "laps": []}}, {"model": "events.raceresults", "pk": 37, "fields": {"competitor": 2, "boat": null, "position": 3, "points": 81, "laps": []}}, {"model": "events.raceresults", "pk": 38, "fields": {"competitor": 3, "boat": null, "position": 4, "points": 73, "laps": []}}, {"model": "events.raceresults", "pk": 39, "fields": {"competitor": 15, "boat": null, "position": 10, "points": 39, "laps": []}}, {"model": "events.raceresults", "pk": 40, "fields": {"competitor": 6, "boat": null, "position": 6, "points": 59, "laps": []}}, {"model": "events.raceresults", "pk": 41, "fields": {"competitor": 5, "boat": null, "position": 11, "points": 35, "laps": []}}, {"model": "events.raceresults", "pk": 42, "fields": {"competitor": 12, "boat": null, "position": 1, "points": 100, "laps": []}}, {"model": "events.raceresults", "pk": 44, "fields": {"competitor": 8, "boat": null, "position": 0, "points": 0, "laps": []}}, {"model": "events.raceresults", "pk": 45, "fields": {"competitor": 9, "boat": null, "position": 0, "points": 0, "laps": []}}, {"model": "events.raceresults", "pk": 46, "fields": {"competitor": 1, "boat": null, "position": 0, "points": 0, "laps": []}}, {"model": "events.raceresults", "pk": 47, "fields": {"competitor": 14, "boat": null, "position": 0, "points": 0, "laps": []}}, {"model": "events.raceresults", "pk": 48, "fields": {"competitor": 2, "boat": null, "position": 0, "points": 0, "laps": []}}, {"model": "events.raceresults", "pk": 49, "fields": {"competitor": 3, "boat": null, "position": 0, "points": 0, "laps": []}}, {"model": "events.raceresults", "pk": 50, "fields": {"competitor": 15, "boat": null, "position": 0, "points": 0, "laps": []}}, {"model": "events.raceresults", "pk": 51, "fields": {"competitor": 6, "boat": null, "position": 0, "points": 0, "laps": []}}, {"model": "events.raceresults", "pk": 52, "fields": {"competitor": 5, "boat": null, "position": 0, "points": 0, "laps": []}}, {"model": "events.raceresults", "pk": 53, "fields": {"competitor": 12, "boat": null, "position": 0, "points": 0, "laps": []}}, {"model": "events.raceresults", "pk": 54, "fields": {"competitor": 16, "boat": null, "position": 0, "points": 0, "laps": []}}, {"model": "events.raceresults", "pk": 55, "fields": {"competitor": 8, "boat": null, "position": 1, "points": 100, "laps": []}}, {"model": "events.raceresults", "pk": 56, "fields": {"competitor": 9, "boat": null, "position": 6, "points": 59, "laps": []}}, {"model": "events.raceresults", "pk": 57, "fields": {"competitor": 1, "boat": null, "position": 7, "points": 43, "laps": []}}, {"model": "events.raceresults", "pk": 58, "fields": {"competitor": 14, "boat": null, "position": 4, "points": 73, "laps": []}}, {"model": "events.raceresults", "pk": 59, "fields": {"competitor": 2, "boat": null, "position": 2, "points": 90, "laps": []}}, {"model": "events.raceresults", "pk": 60, "fields": {"competitor": 3, "boat": null, "position": 5, "points": 66, "laps": []}}, {"model": "events.raceresults", "pk": 61, "fields": {"competitor": 15, "boat": null, "position": 8, "points": 39, "laps": []}}, {"model": "events.raceresults", "pk": 62, "fields": {"competitor": 6, "boat": null, "position": 6, "points": 59, "laps": []}}, {"model": "events.raceresults", "pk": 63, "fields": {"competitor": 5, "boat": null, "position": 7, "points": 43, "laps": []}}, {"model": "events.raceresults", "pk": 64, "fields": {"competitor": 12, "boat": null, "position": 3, "points": 81, "laps": []}}, {"model": "events.raceresults", "pk": 65, "fields": {"competitor": 16, "boat": null, "position": 11, "points": 0, "laps": []}}, {"model": "events.raceresults", "pk": 66, "fields": {"competitor": 8, "boat": null, "position": 3, "points": 73, "laps": []}}, {"model": "events.raceresults", "pk": 67, "fields": {"competitor": 9, "boat": null, "position": 5, "points": 59, "laps": []}}, {"model": "events.raceresults", "pk": 68, "fields": {"competitor": 1, "boat": null, "position": 6, "points": 53, "laps": []}}, {"model": "events.raceresults", "pk": 69, "fields": {"competitor": 14, "boat": null, "position": 1, "points": 100, "laps": []}}, {"model": "events.raceresults", "pk": 70, "fields": {"competitor": 2, "boat": null, "position": 2, "points": 90, "laps": []}}, {"model": "events.raceresults", "pk": 71, "fields": {"competitor": 3, "boat": null, "position": 4, "points": 66, "laps": []}}, {"model": "events.raceresults", "pk": 72, "fields": {"competitor": 15, "boat": null, "position": 8, "points": 39, "laps": []}}, {"model": "events.raceresults", "pk": 73, "fields": {"competitor": 6, "boat": null, "position": 7, "points": 48, "laps": []}}, {"model": "events.raceresults", "pk": 74, "fields": {"competitor": 5, "boat": null, "position": 8, "points": 39, "laps": []}}, {"model": "events.raceresults", "pk": 75, "fields": {"competitor": 12, "boat": null, "position": 11, "points": 0, "laps": []}}, {"model": "events.raceresults", "pk": 76, "fields": {"competitor": 16, "boat": null, "position": 11, "points": 0, "laps": []}}, {"model": "events.raceresults", "pk": 77, "fields": {"competitor": 8, "boat": null, "position": 5, "points": 66, "laps": []}}, {"model": "events.raceresults", "pk": 78, "fields": {"competitor": 9, "boat": null, "position": 2, "points": 90, "laps": []}}, {"model": "events.raceresults", "pk": 79, "fields": {"competitor": 1, "boat": null, "position": 4, "points": 73, "laps": []}}, {"model": "events.raceresults", "pk": 80, "fields": {"competitor": 14, "boat": null, "position": 3, "points": 81, "laps": []}}, {"model": "events.raceresults", "pk": 81, "fields": {"competitor": 2, "boat": null, "position": 1, "points": 100, "laps": []}}, {"model": "events.raceresults", "pk": 82, "fields": {"competitor": 3, "boat": null, "position": 6, "points": 59, "laps": []}}, {"model": "events.raceresults", "pk": 83, "fields": {"competitor": 15, "boat": null, "position": 7, "points": 53, "laps": []}}, {"model": "events.raceresults", "pk": 84, "fields": {"competitor": 6, "boat": null, "position": 8, "points": 48, "laps": []}}, {"model": "events.raceresults", "pk": 85, "fields": {"competitor": 5, "boat": null, "position": 9, "points": 39, "laps": []}}, {"model": "events.raceresults", "pk": 86, "fields": {"competitor": 12, "boat": null, "position": 11, "points": 0, "laps": []}}, {"model": "events.raceresults", "pk": 87, "fields": {"competitor": 16, "boat": null, "position": 11, "points": 0, "laps": []}}, {"model": "events.raceresults", "pk": 88, "fields": {"competitor": 8, "boat": null, "position": 1, "points": 100, "laps": []}}, {"model": "events.raceresults", "pk": 89, "fields": {"competitor": 9, "boat": null, "position": 2, "points": 90, "laps": []}}, {"model": "events.raceresults", "pk": 90, "fields": {"competitor": 1, "boat": null, "position": 3, "points": 81, "laps": []}}, {"model": "events.raceresults", "pk": 91, "fields": {"competitor": 14, "boat": null, "position": 4, "points": 73, "laps": []}}, {"model": "events.raceresults", "pk": 92, "fields": {"competitor": 2, "boat": null, "position": 5, "points": 66, "laps": []}}, {"model": "events.raceresults", "pk": 93, "fields": {"competitor": 3, "boat": null, "position": 6, "points": 59, "laps": []}}, {"model": "events.raceresults", "pk": 94, "fields": {"competitor": 15, "boat": null, "position": 7, "points": 53, "laps": []}}, {"model": "events.raceresults", "pk": 95, "fields": {"competitor": 6, "boat": null, "position": 8, "points": 48, "laps": []}}, {"model": "events.raceresults", "pk": 96, "fields": {"competitor": 5, "boat": null, "position": 9, "points": 39, "laps": []}}, {"model": "events.raceresults", "pk": 97, "fields": {"competitor": 12, "boat": null, "position": 11, "points": 0, "laps": []}}, {"model": "events.raceresults", "pk": 98, "fields": {"competitor": 16, "boat": null, "position": 11, "points": 0, "laps": []}}, {"model": "events.raceresults", "pk": 99, "fields": {"competitor": 14, "boat": null, "position": 1, "points": 100, "laps": []}}, {"model": "events.raceresults", "pk": 100, "fields": {"competitor": 16, "boat": null, "position": 4, "points": 73, "laps": []}}, {"model": "events.raceresults", "pk": 101, "fields": {"competitor": 1, "boat": null, "position": 2, "points": 90, "laps": []}}, {"model": "events.raceresults", "pk": 102, "fields": {"competitor": 6, "boat": null, "position": 3, "points": 81, "laps": []}}, {"model": "events.raceresults", "pk": 103, "fields": {"competitor": 11, "boat": null, "position": 11, "points": 0, "laps": []}}, {"model": "events.raceresults", "pk": 104, "fields": {"competitor": 5, "boat": null, "position": 5, "points": 66, "laps": []}}, {"model": "events.raceresults", "pk": 105, "fields": {"competitor": 4, "boat": null, "position": 6, "points": 59, "laps": []}}, {"model": "events.raceresults", "pk": 106, "fields": {"competitor": 10, "boat": null, "position": 11, "points": 0, "laps": []}}, {"model": "events.raceresults", "pk": 107, "fields": {"competitor": 14, "boat": null, "position": 1, "points": 100, "laps": []}}, {"model": "events.raceresults", "pk": 108, "fields": {"competitor": 16, "boat": null, "position": 2, "points": 90, "laps": []}}, {"model": "events.raceresults", "pk": 109, "fields": {"competitor": 1, "boat": null, "position": 4, "points": 73, "laps": []}}, {"model": "events.raceresults", "pk": 110, "fields": {"competitor": 6, "boat": null, "position": 5, "points": 66, "laps": []}}, {"model": "events.raceresults", "pk": 111, "fields": {"competitor": 11, "boat": null, "position": 3, "points": 81, "laps": []}}, {"model": "events.raceresults", "pk": 112, "fields": {"competitor": 5, "boat": null, "position": 6, "points": 59, "laps": []}}, {"model": "events.raceresults", "pk": 113, "fields": {"competitor": 4, "boat": null, "position": 7, "points": 53, "laps": []}}, {"model": "events.raceresults", "pk": 114, "fields": {"competitor": 10, "boat": null, "position": 11, "points": 0, "laps": []}}, {"model": "events.raceresults", "pk": 115, "fields": {"competitor": 14, "boat": null, "position": 1, "points": 100, "laps": []}}, {"model": "events.raceresults", "pk": 116, "fields": {"competitor": 16, "boat": null, "position": 3, "points": 81, "laps": []}}, {"model": "events.raceresults", "pk": 117, "fields": {"competitor": 1, "boat": null, "position": 4, "points": 73, "laps": []}}, {"model": "events.raceresults", "pk": 118, "fields": {"competitor": 6, "boat": null, "position": 2, "points": 90, "laps": []}}, {"model": "events.raceresults", "pk": 119, "fields": {"competitor": 11, "boat": null, "position": 5, "points": 66, "laps": []}}, {"model": "events.raceresults", "pk": 120, "fields": {"competitor": 5, "boat": null, "position": 6, "points": 59, "laps": []}}, {"model": "events.raceresults", "pk": 121, "fields": {"competitor": 4, "boat": null, "position": 8, "points": 48, "laps": []}}, {"model": "events.raceresults", "pk": 122, "fields": {"competitor": 10, "boat": null, "position": 7, "points": 53, "laps": []}}, {"model": "events.raceresults", "pk": 123, "fields": {"competitor": 14, "boat": null, "position": 2, "points": 90, "laps": []}}, {"model": "events.raceresults", "pk": 124, "fields": {"competitor": 16, "boat": null, "position": 1, "points": 100, "laps": []}}, {"model": "events.raceresults", "pk": 125, "fields": {"competitor": 1, "boat": null, "position": 3, "points": 81, "laps": []}}, {"model": "events.raceresults", "pk": 126, "fields": {"competitor": 6, "boat": null, "position": 4, "points": 73, "laps": []}}, {"model": "events.raceresults", "pk": 127, "fields": {"competitor": 11, "boat": null, "position": 5, "points": 66, "laps": []}}, {"model": "events.raceresults", "pk": 128, "fields": {"competitor": 5, "boat": null, "position": 6, "points": 59, "laps": []}}, {"model": "events.raceresults", "pk": 129, "fields": {"competitor": 4, "boat": null, "position": 7, "points": 53, "laps": []}}, {"model": "events.raceresults", "pk": 130, "fields": {"competitor": 10, "boat": null, "position": 8, "points": 48, "laps": []}}, {"model": "events.raceresults", "pk": 131, "fields": {"competitor": 14, "boat": null, "position": 2, "points": 90, "laps": []}}, {"model": "events.raceresults", "pk": 132, "fields": {"competitor": 16, "boat": null, "position": 5, "points": 66, "laps": []}}, {"model": "events.raceresults", "pk": 133, "fields": {"competitor": 1, "boat": null, "position": 3, "points": 81, "laps": []}}, {"model": "events.raceresults", "pk": 134, "fields": {"competitor": 6, "boat": null, "position": 4, "points": 73, "laps": []}}, {"model": "events.raceresults", "pk": 135, "fields": {"competitor": 11, "boat": null, "position": 1, "points": 100, "laps": []}}, {"model": "events.raceresults", "pk": 136, "fields": {"competitor": 5, "boat": null, "position": 8, "points": 48, "laps": []}}, {"model": "events.raceresults", "pk": 137, "fields": {"competitor": 4, "boat": null, "position": 7, "points": 53, "laps": []}}, {"model": "events.raceresults", "pk": 138, "fields": {"competitor": 10, "boat": null, "position": 6, "points": 59, "laps": []}}, {"model": "events.raceresults", "pk": 174, "fields": {"competitor": 18, "boat": null, "position": 9, "points": 39, "laps": []}}, {"model": "events.raceresults", "pk": 175, "fields": {"competitor": 19, "boat": null, "position": 4, "points": 73, "laps": []}}, {"model": "events.raceresults", "pk": 176, "fields": {"competitor": 20, "boat": null, "position": 4, "points": 73, "laps": []}}, {"model": "events.raceresults", "pk": 177, "fields": {"competitor": 21, "boat": null, "position": 3, "points": 81, "laps": []}}, {"model": "events.raceresults", "pk": 178, "fields": {"competitor": 22, "boat": null, "position": 7, "points": 48, "laps": []}}, {"model": "events.raceresults", "pk": 179, "fields": {"competitor": 17, "boat": null, "position": 2, "points": 90, "laps": []}}, {"model": "events.raceresults", "pk": 180, "fields": {"competitor": 23, "boat": null, "position": 5, "points": 66, "laps": []}}, {"model": "events.raceresults", "pk": 181, "fields": {"competitor": 18, "boat": null, "position": 9, "points": 43, "laps": []}}, {"model": "events.raceresults", "pk": 182, "fields": {"competitor": 19, "boat": null, "position": 3, "points": 81, "laps": []}}, {"model": "events.raceresults", "pk": 183, "fields": {"competitor": 20, "boat": null, "position": 3, "points": 81, "laps": []}}, {"model": "events.raceresults", "pk": 184, "fields": {"competitor": 21, "boat": null, "position": 4, "points": 73, "laps": []}}, {"model": "events.raceresults", "pk": 185, "fields": {"competitor": 22, "boat": null, "position": 7, "points": 53, "laps": []}}, {"model": "events.raceresults", "pk": 186, "fields": {"competitor": 17, "boat": null, "position": 2, "points": 90, "laps": []}}, {"model": "events.raceresults", "pk": 187, "fields": {"competitor": 23, "boat": null, "position": 5, "points": 66, "laps": []}}, {"model": "events.raceresults", "pk": 188, "fields": {"competitor": 18, "boat": null, "position": 1, "points": 100, "laps": []}}, {"model": "events.raceresults", "pk": 189, "fields": {"competitor": 19, "boat": null, "position": 8, "points": 43, "laps": []}}, {"model": "events.raceresults", "pk": 190, "fields": {"competitor": 20, "boat": null, "position": 8, "points": 43, "laps": []}}, {"model": "events.raceresults", "pk": 191, "fields": {"competitor": 21, "boat": null, "position": 5, "points": 59, "laps": []}}, {"model": "events.raceresults", "pk": 192, "fields": {"competitor": 22, "boat": null, "position": 9, "points": 39, "laps": []}}, {"model": "events.raceresults", "pk": 193, "fields": {"competitor": 17, "boat": null, "position": 2, "points": 81, "laps": []}}, {"model": "events.raceresults", "pk": 194, "fields": {"competitor": 23, "boat": null, "position": 10, "points": 0, "laps": []}}, {"model": "events.raceresults", "pk": 195, "fields": {"competitor": 18, "boat": null, "position": 3, "points": 73, "laps": []}}, {"model": "events.raceresults", "pk": 196, "fields": {"competitor": 19, "boat": null, "position": 8, "points": 43, "laps": []}}, {"model": "events.raceresults", "pk": 197, "fields": {"competitor": 20, "boat": null, "position": 8, "points": 43, "laps": []}}, {"model": "events.raceresults", "pk": 198, "fields": {"competitor": 21, "boat": null, "position": 7, "points": 48, "laps": []}}, {"model": "events.raceresults", "pk": 199, "fields": {"competitor": 22, "boat": null, "position": 1, "points": 90, "laps": []}}, {"model": "events.raceresults", "pk": 200, "fields": {"competitor": 17, "boat": null, "position": 5, "points": 59, "laps": []}}, {"model": "events.raceresults", "pk": 201, "fields": {"competitor": 23, "boat": null, "position": 10, "points": 0, "laps": []}}, {"model": "events.raceresults", "pk": 202, "fields": {"competitor": 18, "boat": null, "position": 1, "points": 100, "laps": []}}, {"model": "events.raceresults", "pk": 203, "fields": {"competitor": 19, "boat": null, "position": 2, "points": 90, "laps": []}}, {"model": "events.raceresults", "pk": 204, "fields": {"competitor": 20, "boat": null, "position": 2, "points": 90, "laps": []}}, {"model": "events.raceresults", "pk": 205, "fields": {"competitor": 21, "boat": null, "position": 5, "points": 59, "laps": []}}, {"model": "events.raceresults", "pk": 206, "fields": {"competitor": 22, "boat": null, "position": 7, "points": 48, "laps": []}}, {"model": "events.raceresults", "pk": 207, "fields": {"competitor": 17, "boat": null, "position": 8, "points": 43, "laps": []}}, {"model": "events.raceresults", "pk": 208, "fields": {"competitor": 23, "boat": null, "position": 10, "points": 0, "laps": []}}, {"model": "events.raceresults", "pk": 209, "fields": {"competitor": 24, "boat": null, "position": 11, "points": 31, "laps": []}}, {"model": "events.raceresults", "pk": 210, "fields": {"competitor": 24, "boat": null, "position": 11, "points": 0, "laps": []}}, {"model": "events.raceresults", "pk": 211, "fields": {"competitor": 24, "boat": null, "position": 11, "points": 31, "laps": []}}, {"model": "events.raceresults", "pk": 212, "fields": {"competitor": 24, "boat": null, "position": 10, "points": 35, "laps": []}}, {"model": "events.raceresults", "pk": 213, "fields": {"competitor": 24, "boat": null, "position": 10, "points": 35, "laps": []}}, {"model": "events.raceresults", "pk": 214, "fields": {"competitor": 24, "boat": null, "position": 9, "points": 15, "laps": []}}, {"model": "events.raceresults", "pk": 215, "fields": {"competitor": 16, "boat": null, "position": 10, "points": 48, "laps": []}}, {"model": "events.race", "pk": 1, "fields": {"event": 5, "race_number": 1, "competitors": [5, 6, 7, 8, 174, 175, 176, 177, 178, 179, 180]}}, {"model": "events.race", "pk": 2, "fields": {"event": 5, "race_number": 2, "competitors": [9, 10, 11, 12, 181, 182, 183, 184, 185, 186, 187]}}, {"model": "events.race", "pk": 3, "fields": {"event": 5, "race_number": 3, "competitors": [13, 14, 15, 16, 188, 189, 190, 191, 192, 193, 194]}}, {"model": "events.race", "pk": 4, "fields": {"event": 5, "race_number": 4, "competitors": [25, 26, 27, 28, 195, 196, 197, 198, 199, 200, 201]}}, {"model": "events.race", "pk": 5, "fields": {"event": 5, "race_number": 5, "competitors": [29, 30, 31, 32, 202, 203, 204, 205, 206, 207, 208]}}, {"model": "events.race", "pk": 7, "fields": {"event": 6, "race_number": 1, "competitors": [33, 34, 35, 36, 37, 38, 39, 40, 41, 42, 209, 215]}}, {"model": "events.race", "pk": 8, "fields": {"event": 6, "race_number": 2, "competitors": [44, 45, 46, 47, 48, 49, 50, 51, 52, 53, 54, 210]}}, {"model": "events.race", "pk": 9, "fields": {"event": 6, "race_number": 3, "competitors": [55, 56, 57, 58, 59, 60, 61, 62, 63, 64, 65, 211]}}, {"model": "events.race", "pk": 10, "fields": {"event": 6, "race_number": 4, "competitors": [66, 67, 68, 69, 70, 71, 72, 73, 74, 75, 76, 212]}}, {"model": "events.race", "pk": 11, "fields": {"event": 6, "race_number": 5, "competitors": [77, 78, 79, 80, 81, 82, 83, 84, 85, 86, 87, 213]}}, {"model": "events.race", "pk": 12, "fields": {"event": 6, "race_number": 6, "competitors": [88, 89, 90, 91, 92, 93, 94, 95, 96, 97, 98, 214]}}, {"model": "events.race", "pk": 13, "fields": {"event": 7, "race_number": 1, "competitors": [99, 100, 101, 102, 103, 104, 105, 106]}}, {"model": "events.race", "pk": 14, "fields": {"event": 7, "race_number": 2, "competitors": [107, 108, 109, 110, 111, 112, 113, 114]}}, {"model": "events.race", "pk": 15, "fields": {"event": 7, "race_number": 3, "competitors": [115, 116, 117, 118, 119, 120, 121, 122]}}, {"model": "events.race", "pk": 16, "fields": {"event": 7, "race_number": 4, "competitors": [123, 124, 125, 126, 127, 128, 129, 130]}}, {"model": "events.race", "pk": 17, "fields": {"event": 7, "race_number": 5, "competitors": [131, 132, 133, 134, 135, 136, 137, 138]}}, {"model": "auth.permission", "pk": 1, "fields": {"name": "Can add log entry", "content_type": 1, "codename": "add_logentry"}}, {"model": "auth.permission", "pk": 2, "fields": {"name": "Can change log entry", "content_type": 1, "codename": "change_logentry"}}, {"model": "auth.permission", "pk": 3, "fields": {"name": "Can delete log entry", "content_type": 1, "codename": "delete_logentry"}}, {"model": "auth.permission", "pk": 4, "fields": {"name": "Can add permission", "content_type": 2, "codename": "add_permission"}}, {"model": "auth.permission", "pk": 5, "fields": {"name": "Can change permission", "content_type": 2, "codename": "change_permission"}}, {"model": "auth.permission", "pk": 6, "fields": {"name": "Can delete permission", "content_type": 2, "codename": "delete_permission"}}, {"model": "auth.permission", "pk": 7, "fields": {"name": "Can add group", "content_type": 3, "codename": "add_group"}}, {"model": "auth.permission", "pk": 8, "fields": {"name": "Can change group", "content_type": 3, "codename": "change_group"}}, {"model": "auth.permission", "pk": 9, "fields": {"name": "Can delete group", "content_type": 3, "codename": "delete_group"}}, {"model": "auth.permission", "pk": 10, "fields": {"name": "Can add user", "content_type": 4, "codename": "add_user"}}, {"model": "auth.permission", "pk": 11, "fields": {"name": "Can change user", "content_type": 4, "codename": "change_user"}}, {"model": "auth.permission", "pk": 12, "fields": {"name": "Can delete user", "content_type": 4, "codename": "delete_user"}}, {"model": "auth.permission", "pk": 13, "fields": {"name": "Can add content type", "content_type": 5, "codename": "add_contenttype"}}, {"model": "auth.permission", "pk": 14, "fields": {"name": "Can change content type", "content_type": 5, "codename": "change_contenttype"}}, {"model": "auth.permission", "pk": 15, "fields": {"name": "Can delete content type", "content_type": 5, "codename": "delete_contenttype"}}, {"model": "auth.permission", "pk": 16, "fields": {"name": "Can add session", "content_type": 6, "codename": "add_session"}}, {"model": "auth.permission", "pk": 17, "fields": {"name": "Can change session", "content_type": 6, "codename": "change_session"}}, {"model": "auth.permission", "pk": 18, "fields": {"name": "Can delete session", "content_type": 6, "codename": "delete_session"}}, {"model": "auth.permission", "pk": 19, "fields": {"name": "Can add event basic", "content_type": 7, "codename": "add_eventbasic"}}, {"model": "auth.permission", "pk": 20, "fields": {"name": "Can change event basic", "content_type": 7, "codename": "change_eventbasic"}}, {"model": "auth.permission", "pk": 21, "fields": {"name": "Can delete event basic", "content_type": 7, "codename": "delete_eventbasic"}}, {"model": "auth.permission", "pk": 22, "fields": {"name": "Can add pilot", "content_type": 8, "codename": "add_pilot"}}, {"model": "auth.permission", "pk": 23, "fields": {"name": "Can change pilot", "content_type": 8, "codename": "change_pilot"}}, {"model": "auth.permission", "pk": 24, "fields": {"name": "Can delete pilot", "content_type": 8, "codename": "delete_pilot"}}, {"model": "auth.permission", "pk": 25, "fields": {"name": "Can add race", "content_type": 9, "codename": "add_race"}}, {"model": "auth.permission", "pk": 26, "fields": {"name": "Can change race", "content_type": 9, "codename": "change_race"}}, {"model": "auth.permission", "pk": 27, "fields": {"name": "Can delete race", "content_type": 9, "codename": "delete_race"}}, {"model": "auth.permission", "pk": 28, "fields": {"name": "Can add race laps", "content_type": 10, "codename": "add_racelaps"}}, {"model": "auth.permission", "pk": 29, "fields": {"name": "Can change race laps", "content_type": 10, "codename": "change_racelaps"}}, {"model": "auth.permission", "pk": 30, "fields": {"name": "Can delete race laps", "content_type": 10, "codename": "delete_racelaps"}}, {"model": "auth.permission", "pk": 31, "fields": {"name": "Can add race results", "content_type": 11, "codename": "add_raceresults"}}, {"model": "auth.permission", "pk": 32, "fields": {"name": "Can change race results", "content_type": 11, "codename": "change_raceresults"}}, {"model": "auth.permission", "pk": 33, "fields": {"name": "Can delete race results", "content_type": 11, "codename": "delete_raceresults"}}, {"model": "auth.permission", "pk": 34, "fields": {"name": "Can add boat", "content_type": 12, "codename": "add_boat"}}, {"model": "auth.permission", "pk": 35, "fields": {"name": "Can change boat", "content_type": 12, "codename": "change_boat"}}, {"model": "auth.permission", "pk": 36, "fields": {"name": "Can delete boat", "content_type": 12, "codename": "delete_boat"}}, {"model": "auth.permission", "pk": 37, "fields": {"name": "Can add competitors", "content_type": 13, "codename": "add_competitors"}}, {"model": "auth.permission", "pk": 38, "fields": {"name": "Can change competitors", "content_type": 13, "codename": "change_competitors"}}, {"model": "auth.permission", "pk": 39, "fields": {"name": "Can delete competitors", "content_type": 13, "codename": "delete_competitors"}}, {"model": "auth.permission", "pk": 40, "fields": {"name": "Can add sponsors", "content_type": 14, "codename": "add_sponsors"}}, {"model": "auth.permission", "pk": 41, "fields": {"name": "Can change sponsors", "content_type": 14, "codename": "change_sponsors"}}, {"model": "auth.permission", "pk": 42, "fields": {"name": "Can delete sponsors", "content_type": 14, "codename": "delete_sponsors"}}]